{"stats":{"minecraft:dropped":{"minecraft:jungle_leaves":1},"minecraft:used":{"the_bumblezone:royal_jelly_bottle":2,"the_bumblezone:essence_of_the_bees":1,"minecraft:jungle_leaves":1,"the_bumblezone:beehemoth_spawn_egg":1},"minecraft:custom":{"minecraft:jump":26,"minecraft:time_since_rest":45630,"minecraft:leave_game":1,"minecraft:crouch_one_cm":860,"minecraft:sprint_one_cm":2153,"minecraft:play_time":45630,"minecraft:time_since_death":45630,"minecraft:walk_one_cm":7705,"minecraft:sneak_time":250,"minecraft:climb_one_cm":349,"minecraft:total_world_time":45630,"minecraft:drop":1,"minecraft:fly_one_cm":28799}},"DataVersion":3120}