{"stats":{"minecraft:dropped":{"minecraft:jungle_leaves":1},"minecraft:used":{"the_bumblezone:royal_jelly_bottle":2,"the_bumblezone:essence_of_the_bees":1,"minecraft:jungle_leaves":1,"the_bumblezone:beehemoth_spawn_egg":1},"minecraft:custom":{"minecraft:jump":20,"minecraft:time_since_rest":39222,"minecraft:crouch_one_cm":607,"minecraft:sprint_one_cm":1087,"minecraft:play_time":39222,"minecraft:time_since_death":39222,"minecraft:walk_one_cm":5097,"minecraft:sneak_time":209,"minecraft:climb_one_cm":135,"minecraft:total_world_time":39222,"minecraft:drop":1,"minecraft:fly_one_cm":24940}},"DataVersion":3120}