{"stats":{"minecraft:used":{"cosas_del_dedsafio_2:hormigaconlanza_spawn_egg":1,"cosas_del_dedsafio_2:plantacarnivoraverde_spawn_egg":1,"videoplayer:tv_block":4,"cosas_del_dedsafio_2:flashbang_spawn_egg":1,"cosas_del_dedsafio_2:trampaplanta_spawn_egg":2,"cosas_del_dedsafio_2:hormigabomba_spawn_egg":2},"minecraft:killed_by":{"minecraft:skeleton":1},"minecraft:killed":{"cosas_del_dedsafio_2:trampaplanta":1},"minecraft:custom":{"minecraft:time_since_rest":26506,"minecraft:crouch_one_cm":146,"minecraft:play_time":31449,"minecraft:sprint_one_cm":177,"minecraft:walk_one_cm":7058,"minecraft:damage_taken":295,"minecraft:deaths":1,"minecraft:sneak_time":104,"minecraft:mob_kills":2,"minecraft:jump":8,"minecraft:damage_dealt":400,"minecraft:leave_game":1,"minecraft:time_since_death":26502,"minecraft:total_world_time":31449,"minecraft:damage_resisted":207,"minecraft:fall_one_cm":3412,"minecraft:fly_one_cm":40512}},"DataVersion":3120}