{"stats":{"minecraft:custom":{"minecraft:jump":13,"minecraft:time_since_rest":5351,"minecraft:leave_game":1,"minecraft:crouch_one_cm":35,"minecraft:sprint_one_cm":456,"minecraft:play_time":5351,"minecraft:time_since_death":5351,"minecraft:walk_one_cm":2446,"minecraft:sneak_time":40,"minecraft:total_world_time":5351,"minecraft:fly_one_cm":13642},"minecraft:used":{"minecraft:dirt":4},"minecraft:mined":{"minecraft:grass_block":1,"minecraft:dirt":2},"minecraft:picked_up":{"minecraft:dirt":3}},"DataVersion":3465}