{"stats":{"minecraft:picked_up":{"minecraft:stone_button":1,"minecraft:redstone":1},"minecraft:used":{"minecraft:oak_log":1,"minecraft:stone":43,"minecraft:dirt":11},"minecraft:custom":{"minecraft:jump":47,"minecraft:time_since_rest":4302,"minecraft:leave_game":1,"minecraft:crouch_one_cm":870,"minecraft:walk_on_water_one_cm":125,"minecraft:sprint_one_cm":4880,"minecraft:play_time":4302,"minecraft:time_since_death":4302,"minecraft:walk_one_cm":5187,"minecraft:climb_one_cm":455,"minecraft:sneak_time":309,"minecraft:total_world_time":4873,"minecraft:fly_one_cm":76277}},"DataVersion":2975}