{
  "dungeons_arise:wda_root": {
    "criteria": {
      "WDA": "2024-11-14 16:16:08 +0000"
    },
    "done": true
  },
  "the_bumblezone:the_bumblezone/honey_bucket/drink_royal_jelly_bottle": {
    "criteria": {
      "drink_royal_jelly_bottle": "2024-11-14 16:19:22 +0000"
    },
    "done": true
  },
  "the_bumblezone:the_bumblezone/wiki": {
    "criteria": {
      "instant_granted": "2024-11-14 16:16:08 +0000"
    },
    "done": true
  },
  "the_bumblezone:the_bumblezone/root": {
    "criteria": {
      "instant_granted": "2024-11-14 16:16:08 +0000"
    },
    "done": true
  },
  "minecraft:husbandry/root": {
    "criteria": {
      "consumed_item": "2024-11-14 16:19:22 +0000"
    },
    "done": true
  },
  "cataclysm:root": {
    "criteria": {
      "custom_test_name": "2024-11-14 16:16:08 +0000"
    },
    "done": true
  },
  "the_bumblezone:the_bumblezone/the_queens_desire/essence_infusion": {
    "criteria": {
      "consume_essence": "2024-11-14 16:43:56 +0000"
    },
    "done": true
  },
  "the_bumblezone:the_bumblezone/honey_bucket/obtain_royal_jelly_bucket": {
    "criteria": {
      "obtain_royal_jelly_bucket": "2024-11-14 16:19:33 +0000"
    },
    "done": true
  },
  "minecraft:adventure/adventuring_time": {
    "criteria": {
      "minecraft:jungle": "2024-11-14 16:16:10 +0000"
    },
    "done": false
  },
  "DataVersion": 3120
}